Name,Message Count,Experience Count,Level
Try it out for yourself,#,#,34
#,User,User,34
User,Messages,Messages,33
Messages,Exp,Exp,33
Exp,Level,Level,32
Level,4.8k,4.8k,32
Yaron,95.2k,95.2k,31
4.8k,4.8k,4.8k,31
95.2k,95.2k,95.2k,29
Yaron,4.4k,4.4k,29
4.8k,87.8k,87.8k,28
95.2k,4.4k,4.4k,28
danabanana,87.8k,87.8k,27
4.4k,4.2k,4.2k,27
87.8k,84.6k,84.6k,26
danabanana,4.2k,4.2k,26
4.4k,84.6k,84.6k,23
87.8k,3.7k,3.7k,23
n3k0,74.2k,74.2k,22
4.2k,3.7k,3.7k,22
84.6k,74.2k,74.2k,22
n3k0,3.2k,3.2k,22
4.2k,63.5k,63.5k,22
84.6k,3.2k,3.2k,22
Ohad Primes,63.5k,63.5k,21
3.7k,2.9k,2.9k,21
74.2k,57.6k,57.6k,20
Ohad Primes,2.9k,2.9k,20
3.7k,57.6k,57.6k,20
74.2k,2.7k,2.7k,20
Amit 6738,54.6k,54.6k,19
3.2k,2.7k,2.7k,19
63.5k,54.6k,54.6k,18
Amit 6738,2.5k,2.5k,18
3.2k,50.4k,50.4k,18
63.5k,2.5k,2.5k,18
LIRAN,50.4k,50.4k,18
2.9k,1.7k,1.7k,18
57.6k,34.3k,34.3k,17
LIRAN,1.7k,1.7k,17
2.9k,34.3k,34.3k,17
57.6k,1.7k,1.7k,17
dandelion,33.3k,33.3k,17
2.7k,1.7k,1.7k,17
54.6k,33.3k,33.3k,17
dandelion,1.5k,1.5k,17
2.7k,30.8k,30.8k,17
54.6k,1.5k,1.5k,17
Senpairo,30.8k,30.8k,17
2.5k,1.5k,1.5k,17
50.4k,30.6k,30.6k,17
Senpairo,1.5k,1.5k,17
2.5k,30.6k,30.6k,17
50.4k,1.5k,1.5k,17
Orenâ™¥âœ¨,29.4k,29.4k,16
1.7k,1.5k,1.5k,16
34.3k,29.4k,29.4k,16
Orenâ™¥âœ¨,1.2k,1.2k,16
1.7k,24.3k,24.3k,16
34.3k,1.2k,1.2k,16
Noam__,24.3k,24.3k,16
1.7k,1.2k,1.2k,16
33.3k,24k,24k,16
Noam__,1.2k,1.2k,16
1.7k,24k,24k,15
33.3k,1.1k,1.1k,15
eylon,22.6k,22.6k,15
1.5k,1.1k,1.1k,15
30.8k,22.6k,22.6k,14
eylon,995,995,14
1.5k,19.9k,19.9k,14
30.8k,995,995,14
ShToTaJuniorCat,19.9k,19.9k,14
1.5k,957,957,14
30.6k,19.3k,19.3k,13
ShToTaJuniorCat,957,957,13
1.5k,19.3k,19.3k,13
30.6k,922,922,13
DanielDK14,18.5k,18.5k,13
1.5k,922,922,13
29.4k,18.5k,18.5k,13
DanielDK14,884,884,13
1.5k,17.6k,17.6k,12
29.4k,884,884,12
Eyal_Madrid,17.6k,17.6k,12
1.2k,871,871,12
24.3k,17.3k,17.3k,12
Eyal_Madrid,871,871,12
1.2k,17.3k,17.3k,12
24.3k,850,850,12
Ariel_SR71,17.1k,17.1k,12
1.2k,850,850,12
24k,17.1k,17.1k,11
Ariel_SR71,855,855,11
1.2k,17k,17k,11
24k,855,855,11
Mr.Borito,17k,17k,11
1.1k,844,844,11
22.6k,16.9k,16.9k,11
Mr.Borito,844,844,11
1.1k,16.9k,16.9k,10
22.6k,827,827,10
TheSnipe12,16.6k,16.6k,10
995,827,827,10
19.9k,16.6k,16.6k,10
TheSnipe12,828,828,10
995,16.5k,16.5k,10
19.9k,828,828,10
abuv,16.5k,16.5k,9
957,791,791,9
19.3k,16k,16k,9
abuv,791,791,9
957,16k,16k,9
19.3k,787,787,9
Dolphin,15.8k,15.8k,9
922,787,787,9
18.5k,15.8k,15.8k,9
Dolphin,775,775,9
922,15.5k,15.5k,9
18.5k,775,775,9
ğ“€ğ’¶ğ“‡ğ“‰ğ‘œğ“ˆğ’½ğ“ƒğ’¾ğ“€ğ’¶,15.5k,15.5k,9
884,758,758,9
17.6k,14.9k,14.9k,9
ğ“€ğ’¶ğ“‡ğ“‰ğ‘œğ“ˆğ’½ğ“ƒğ’¾ğ“€ğ’¶,758,758,9
884,14.9k,14.9k,8
17.6k,753,753,8
ella,14.9k,14.9k,8
871,753,753,8
17.3k,14.9k,14.9k,8
ella,691,691,8
871,13.9k,13.9k,8
17.3k,691,691,8
Da Temmie,13.9k,13.9k,8
850,668,668,8
17.1k,13.5k,13.5k,8
Da Temmie,668,668,8
850,13.5k,13.5k,7
17.1k,675,675,7
Leia,13.4k,13.4k,7
855,675,675,7
17k,13.4k,13.4k,7
Leia,589,589,7
855,11.6k,11.6k,7
17k,589,589,7
IaMPikachu,11.6k,11.6k,7
844,538,538,7
16.9k,10.6k,10.6k,7
IaMPikachu,538,538,7
844,10.6k,10.6k,7
16.9k,511,511,7
Aviad |6738| captain,10.3k,10.3k,6
827,511,511,6
16.6k,10.3k,10.3k,6
Aviad |6738| captain,486,486,6
827,9.8k,9.8k,6
16.6k,486,486,6
Ron_pl,9.8k,9.8k,6
828,480,480,6
16.5k,9.6k,9.6k,6
Ron_pl,480,480,6
828,9.6k,9.6k,6
16.5k,441,441,6
OfekAvni,9k,9k,6
791,441,441,6
16k,9k,9k,6
OfekAvni,441,441,6
791,8.9k,8.9k,5
16k,441,441,5
eyaldoron,8.9k,8.9k,5
787,372,372,5
15.8k,7.5k,7.5k,5
eyaldoron,372,372,5
787,7.5k,7.5k,5
15.8k,375,375,5
peda &lt;3,7.5k,7.5k,5
775,375,375,5
15.5k,7.5k,7.5k,5
peda &lt;3,378,378,5
775,7.5k,7.5k,5
15.5k,378,378,5
ACK,7.5k,7.5k,5
758,371,371,5
14.9k,7.4k,7.4k,5
ACK,371,371,5
758,7.4k,7.4k,5
14.9k,363,363,5
TheClasher,7.3k,7.3k,5
753,363,363,5
14.9k,7.3k,7.3k,5
TheClasher,336,336,5
753,6.8k,6.8k,5
14.9k,336,336,5
Arnon001,6.8k,6.8k,5
691,332,332,5
13.9k,6.7k,6.7k,5
Arnon001,332,332,5
691,6.7k,6.7k,5
13.9k,320,320,5
Drimu,6.5k,6.5k,5
668,320,320,5
